timp,semnal
0.0,0.12290314083802208
0.001,0.5214852180450551
0.002,0.8056785807450184
0.003,0.8782966697170465
0.004,0.7060777613646324
0.005,0.3446472847154015
0.006,-0.0997351777037411
0.007,-0.5194269714264297
0.008,-0.812905105582015
0.009,-0.8879583764636026
0.01,-0.7041369115982018
0.011,-0.31080317780232186
0.012,0.17581493708110588
0.013,0.6276798255203657
0.014,0.9355714451018277
0.015,1.0260694538051385
0.016,0.893904045080476
0.017,0.6099892258323559
0.018,0.2620735720098299
0.019,-0.10990217951279692
0.02,-0.48966362663484186
0.021,-0.8069254451279443
0.022,-0.9390537330718569
0.023,-0.8163341882439937
0.024,-0.4920551732714354
0.025,-0.08147894651429444
0.026,0.3377641030113803
0.027,0.7297228539110623
0.028,1.031851750955259
0.029,1.1452789880134884
0.03,1.0192024513957998
0.031,0.7156224515956743
0.032,0.3562902692487798
0.033,0.011610258015893007
0.034,-0.33155359982311094
0.035,-0.689383508751118
0.036,-0.9961031567789979
0.037,-1.1275456774166657
0.038,-1.0115509156953872
0.039,-0.6955422619260749
0.04,-0.29718273959166464
0.041,0.09456489268842137
0.042,0.45691307139915827
0.043,0.7861827083273435
0.044,1.0390320271504778
0.045,1.138600981598353
0.046,1.0408742104752982
0.047,0.7818591554307256
0.048,0.4489025366465328
0.049,0.11035187924436649
0.05,-0.22059458682042185
0.051,-0.5582599666901762
0.052,-0.8889901304539923
0.053,-1.1466486481834253
0.054,-1.2479735670237373
0.055,-1.1553796097271194
0.056,-0.9017769349270623
0.057,-0.5566553433016284
0.058,-0.1805645563343247
0.059,0.18970098185335052
0.06,0.5367288310572621
0.061,0.8572269852764237
0.062,1.1441544950565168
0.063,1.3599110944491903
0.064,1.4433002325935385
0.065,1.3612286643077838
0.066,1.1434581825750727
0.067,0.8534282538747063
0.068,0.5370641556291764
0.069,0.21061788556306
0.07,-0.11942579830897318
0.071,-0.44581970353055494
0.072,-0.7626367892921339
0.073,-1.0534195392098225
0.074,-1.2708059636656495
0.075,-1.3507312634869484
0.076,-1.2660755136407467
0.077,-1.0537618664140869
0.078,-0.7729270583278459
0.079,-0.4509405653500224
0.08,-0.08939527003387673
0.081,0.2915769084854378
0.082,0.6461401295292718
0.083,0.9466210454311058
0.084,1.2113773189074184
0.085,1.4648676819176538
0.086,1.6753137073791051
0.087,1.762271174551542
0.088,1.679374326342228
0.089,1.4670235239880212
0.09,1.2059639990128004
0.091,0.9379696804502133
0.092,0.6510852573364325
0.093,0.32628249153004607
0.094,-0.025055994606492885
0.095,-0.36671233630585526
0.096,-0.6662083253803607
0.097,-0.9169078682748364
0.098,-1.1382133306349675
0.099,-1.355594222776325
0.1,-1.579301342765451
